dependency,version,historical_rows,confirmation_fail,confirmation_pass,evidence
AI::Genetic::Pro::Chromosome,1.009,50,5,0,configuration_pair_reproduced_all_bases
Alien::SWIProlog,0.001,25,5,0,configuration_pair_reproduced_all_bases
Alien::SWIProlog,0.002,25,5,0,configuration_pair_reproduced_all_bases
Alien::wxWidgets,0.03,25,5,0,configuration_pair_reproduced_all_bases
Alien::wxWidgets,0.69,25,5,0,configuration_pair_reproduced_all_bases
Apache2::RequestUtil,2.0.13,25,5,0,configuration_pair_reproduced_all_bases
Apache::Singleton::Request,0.17,20,5,0,configuration_pair_reproduced_all_bases
App::Devel::MAT::Explorer::GTK::Resources,0.06,20,5,0,configuration_pair_reproduced_all_bases
Archive::Extract::Libarchive,0.35,25,5,0,configuration_pair_reproduced_all_bases
Archive::Extract::Libarchive,0.38,25,5,0,configuration_pair_reproduced_all_bases
Bencher::ScenarioBundle::SmartMatch,0.001,10,1,4,configuration_pair_version_dependent
Bit::Set::OO,0.13,68,4,1,configuration_pair_version_dependent
Bit::Vector,4.0,50,5,0,configuration_pair_reproduced_all_bases
CLI::Gwrapper::HTTP,0.030,20,5,0,configuration_pair_reproduced_all_bases
Catmandu::Z3950,0.06,30,5,0,configuration_pair_reproduced_all_bases
Chart::Plotly::Trace::Cone,0.042,15,0,5,configuration_pair_not_reproduced
Config::Model::SimpleUI,2.166,25,0,5,configuration_pair_not_reproduced
Crypt::OpenSSL3::X509::Attribute,0.010,31,4,1,configuration_pair_version_dependent
Crypt::OpenSSL::RSA,0.08,50,5,0,configuration_pair_reproduced_all_bases
Crypt::PKCS11::CK_SSL3_MASTER_KEY_DERIVE_PARAMS,1.03,6,5,0,configuration_pair_mixed_failure_mechanism
Crypt::SSLeay,0.01,95,5,0,configuration_pair_reproduced_all_bases
Crypt::SSLeay,0.72,57,3,2,configuration_pair_version_dependent
Daje::Controller::Kanban::KanbanTasks,0.01,8,5,0,configuration_pair_mixed_failure_mechanism
Data::MessagePack,0.01,25,5,0,configuration_pair_reproduced_all_bases
Data::Structure::Util,0.01,15,3,2,configuration_pair_version_dependent
Date::Calc,4.0,25,5,0,configuration_pair_reproduced_all_bases
Devel::Caller,0.02,25,5,0,configuration_pair_reproduced_all_bases
Devel::Symdump,1.21,25,5,0,configuration_pair_reproduced_all_bases
Developer::Dashboard::PerlEnv,4.16,10,0,5,configuration_pair_not_reproduced
Device::Chip::Adapter::FTDI,0.14,70,5,0,configuration_pair_reproduced_all_bases
Device::ParallelPort::drv::win32,1.0,25,5,0,configuration_pair_reproduced_all_bases
Device::ParallelPort::drv::win32,1.3,25,5,0,configuration_pair_reproduced_all_bases
Digest::SHA1,0.01,20,5,0,configuration_pair_reproduced_all_bases
Encode,0.93,390,5,0,configuration_pair_reproduced_all_bases
Encode::IBM,0.01,15,5,0,configuration_pair_reproduced_all_bases
Encode::IBM,0.11,20,0,5,configuration_pair_not_reproduced
Gapp::Moose::Meta::Attribute::Trait::GappMenu,0.60,30,5,0,configuration_pair_reproduced_all_bases
Gapp::Moose::Meta::Attribute::Trait::GappTextView,0.60,30,5,0,configuration_pair_reproduced_all_bases
Geo::Coordinates::Converter::iArea,0.01,15,5,0,configuration_pair_reproduced_all_bases
Glib,0.24,45,5,0,configuration_pair_reproduced_all_bases
GooCanvas2,0.04,25,5,0,configuration_pair_reproduced_all_bases
GooCanvas2,0.06,25,5,0,configuration_pair_reproduced_all_bases
Gtk2,1.24993,50,5,0,configuration_pair_reproduced_all_bases
Gtk2::Ex::GdkBits,3,25,5,0,configuration_pair_reproduced_all_bases
Gtk2::Ex::GdkBits,48,25,5,0,configuration_pair_reproduced_all_bases
Gtk2::Ex::ListModelConcat,1,15,5,0,configuration_pair_reproduced_all_bases
Gtk2::Ex::ListModelConcat,11,15,5,0,configuration_pair_reproduced_all_bases
Gtk2::Ex::MenuView,1,15,5,0,configuration_pair_reproduced_all_bases
Gtk2::Ex::MenuView,5,15,5,0,configuration_pair_reproduced_all_bases
Gtk::Object,0.7010,30,5,0,configuration_pair_reproduced_all_bases
HTML::Parser,3.85,5,0,5,configuration_pair_not_reproduced
HTTP::Headers,6.00,40,5,0,configuration_pair_reproduced_all_bases
Heap::Simple::XS,0.01,15,3,2,configuration_pair_version_dependent
IO::Handle,1.07,120,5,0,configuration_pair_reproduced_all_bases
Image::BioChrome,1.16,5,5,0,configuration_pair_reproduced_all_bases
Image::Imlib2,0.01,25,5,0,configuration_pair_reproduced_all_bases
Image::Imlib2,2.03,25,5,0,configuration_pair_reproduced_all_bases
Image::Resize,0.01,5,5,0,configuration_pair_reproduced_all_bases
Image::Resize,0.5,5,5,0,configuration_pair_reproduced_all_bases
JSON::Parse,0.05,3,3,2,configuration_pair_version_dependent
JSON::Schema::AsType::Draft7,v1.0.0,28,4,1,configuration_pair_version_dependent
JSON::XS,0.1,122,3,2,configuration_pair_version_dependent
LWP,6.83,5,0,5,configuration_pair_not_reproduced
Language::Prolog::Yaswi,0.23,45,5,0,configuration_pair_reproduced_all_bases
List::MoreUtils,0.04,129,3,2,configuration_pair_version_dependent
List::MoreUtils,0.430,5,0,5,configuration_pair_not_reproduced
MIME::Base64,2.00,183,3,2,configuration_pair_version_dependent
Mac::iTunes::Preferences,1.23,50,5,0,configuration_pair_reproduced_all_bases
Module::Pluggable,0.6,97,5,0,configuration_pair_reproduced_all_bases
Module::Starter::BuilderSet,1.82,20,0,5,configuration_pair_not_reproduced
Monitoring::Spooler::Cmd::Command::create,0.05,14,2,3,configuration_pair_version_dependent
MyCPAN::Indexer::NullTester::Dispatcher,1.282,30,5,0,configuration_pair_reproduced_all_bases
Net::ADNS,0.03,15,5,0,configuration_pair_reproduced_all_bases
Net::Inspect,0.331,25,5,0,configuration_pair_reproduced_all_bases
Net::Libwebsockets,0.02,70,5,0,configuration_pair_reproduced_all_bases
Net::SSH2,0.01,5,5,0,configuration_pair_reproduced_all_bases
Net::SSH2,0.74,2,2,3,configuration_pair_version_dependent
Net::SSH2::Expect,0.2,2,2,3,configuration_pair_version_dependent
Net::SSLeay,1.32,97,5,0,configuration_pair_reproduced_all_bases
Net::Write::Fast,0.11,9,3,2,configuration_pair_version_dependent
Object::Pad,0.01,15,3,2,configuration_pair_version_dependent
OpenGL::Sandbox::MMap,0.120,25,5,0,configuration_pair_reproduced_all_bases
OpenGL::Sandbox::V1,0.042,15,5,0,configuration_pair_reproduced_all_bases
PDL::SVDSLEPc,0.005,50,5,0,configuration_pair_reproduced_all_bases
PadWalker,0.03,12,3,2,configuration_pair_version_dependent
Padre::PluginBuilder,1.02,50,5,0,configuration_pair_reproduced_all_bases
Padre::Wx::Directory::TreeCtrl,1.02,20,5,0,configuration_pair_reproduced_all_bases
Padre::Wx::Panel::FindFast,1.02,30,5,0,configuration_pair_reproduced_all_bases
Params::Util,0.01,82,5,0,configuration_pair_reproduced_all_bases
Perl::Critic::Policy::Lax::ProhibitComplexMappings::LinesNotStatements,0.014,20,0,5,configuration_pair_not_reproduced
Plack,0.9000,90,5,0,configuration_pair_reproduced_all_bases
Plack::Middleware::TemplateToolkit,0.28,15,0,5,configuration_pair_not_reproduced
Pod::Weaver::Plugin::Data::Sah::Coerce,0.001,5,0,5,configuration_pair_not_reproduced
Pod::Weaver::Role::AddTextToSection,0.01,5,0,5,configuration_pair_not_reproduced
Pod::Weaver::Role::AddTextToSection,0.06,5,0,5,configuration_pair_not_reproduced
Pod::Weaver::Role::Section,4.020,5,0,5,configuration_pair_not_reproduced
Proc::ProcessTable,0.01,20,5,0,configuration_pair_reproduced_all_bases
Protocol::Database::PostgreSQL::Backend::ErrorResponse,2.001,25,0,5,configuration_pair_not_reproduced
QuadPres::FS,v0.32.0,85,5,0,configuration_pair_reproduced_all_bases
Quiq::Html::Widget::CheckBox,1.238,50,5,0,configuration_pair_reproduced_all_bases
Redmine::Stat,0.01,21,3,2,configuration_pair_version_dependent
Ref::Util,0.001,75,5,0,configuration_pair_reproduced_all_bases
SPVM::Regex,0.01,5,0,5,configuration_pair_not_reproduced
SQL::Engine::Builder::Delete,0.03,12,0,5,configuration_pair_not_reproduced
SQL::Validator,0.01,12,0,5,configuration_pair_not_reproduced
SQL::Validator,0.02,12,0,5,configuration_pair_not_reproduced
Serengeti::Context,0.00,20,5,0,configuration_pair_reproduced_all_bases
Set::Object,0.001,25,5,0,configuration_pair_reproduced_all_bases
String::CRC32,0.9,159,3,2,configuration_pair_version_dependent
Sub::Name,0.01,20,5,0,configuration_pair_reproduced_all_bases
Switch::Plain,0.01,25,5,0,configuration_pair_reproduced_all_bases
Template::Alloy,1.001,20,5,0,configuration_pair_reproduced_all_bases
Test::Approvals::Reporters::DiffReporter,v0.0.5,58,5,0,configuration_pair_reproduced_all_bases
Test::Most,0.01,40,5,0,configuration_pair_reproduced_all_bases
Test::OpenLDAP,0.72,30,5,0,configuration_pair_reproduced_all_bases
Test::Ping::Ties::HIRES,0.210,50,5,0,configuration_pair_reproduced_all_bases
Test::Tk,1.00,15,3,2,configuration_pair_version_dependent
Test::Tk,3.04,15,3,2,configuration_pair_version_dependent
Tie::Array::Packed,0.01,20,5,0,configuration_pair_reproduced_all_bases
Tie::Judy,0.05,5,5,0,configuration_pair_reproduced_all_bases
Time::Piece,1.00,90,5,0,configuration_pair_reproduced_all_bases
Tk,804.036,18,3,2,configuration_pair_version_dependent
Tk::JFileDialog,2.41,9,3,2,configuration_pair_version_dependent
Tk::ListEntry,0.07,3,3,2,configuration_pair_version_dependent
Tk::PopList,0.01,3,3,2,configuration_pair_version_dependent
Tk::PopList,0.14,3,3,2,configuration_pair_version_dependent
Treex::Core::DocumentReader,0.05222,12,3,2,configuration_pair_version_dependent
Treex::Core::Resource,0.05222,9,3,2,configuration_pair_version_dependent
URI::Escape::XS,0.01,15,3,2,configuration_pair_version_dependent
UniEvent,v1.2.14,5,5,0,configuration_pair_reproduced_all_bases
UniEvent::HTTP,v1.0.0,25,5,0,configuration_pair_reproduced_all_bases
UniEvent::HTTP,v1.2.3,25,5,0,configuration_pair_reproduced_all_bases
Unicode::CaseFold,0.01,15,3,2,configuration_pair_version_dependent
WWW::Curl,2.0,45,5,0,configuration_pair_reproduced_all_bases
WWW::Curl,4.17,45,5,0,configuration_pair_reproduced_all_bases
WebService::Braintree::MultipleValuesNode,1.7,21,5,0,configuration_pair_mixed_failure_mechanism
WebService::Solr,0.01,2,1,4,configuration_pair_version_dependent
Win32::OLE,0.1007,5,5,0,configuration_pair_reproduced_all_bases
Win32::OLE,0.1713,5,5,0,configuration_pair_reproduced_all_bases
Win32::ShellExt::CopyHook::Veto,0.1,5,5,0,configuration_pair_reproduced_all_bases
Win32::ShellExt::QueryInfo::JpgSize,0.1,5,5,0,configuration_pair_reproduced_all_bases
Wx,0.07,30,5,0,configuration_pair_reproduced_all_bases
Wx,0.9932,30,5,0,configuration_pair_reproduced_all_bases
Wx::Perl::ListCtrl,0.01,25,5,0,configuration_pair_reproduced_all_bases
Wx::Perl::ListCtrl,0.03,25,5,0,configuration_pair_reproduced_all_bases
Wx::Scintilla,0.39,15,5,0,configuration_pair_reproduced_all_bases
XLog,v1.0.0,15,5,0,configuration_pair_reproduced_all_bases
XML::LibXSLT,0.94,25,5,0,configuration_pair_reproduced_all_bases
XML::Parser,2.16,70,5,0,configuration_pair_reproduced_all_bases
XML::Simple,1.00,475,5,0,configuration_pair_reproduced_all_bases
XS::Install,v1.0.0,5,5,0,configuration_pair_reproduced_all_bases
YAML::Syck,0.01,37,5,0,configuration_pair_reproduced_all_bases
ZMQ::LibZMQ4,0.01,5,5,0,configuration_pair_reproduced_all_bases
autovivification,0.01,9,5,0,configuration_pair_mixed_failure_mechanism
indirect,0.01,20,5,0,configuration_pair_reproduced_all_bases
threads,0.01,25,5,0,configuration_pair_reproduced_all_bases
