module,version,historical_status,audit_evidence,rows
AWS::S3::ResponseParser,2.00,FAIL,missing_prerequisite_mechanism_reproduced_all_bases,20
AWS::S3::ResponseParser,2.00,FAIL,target_release_now_proven_unavailable,35
AWS::S3::ResponseParser,2.00,UNAVAILABLE,historical_unavailable,40
Amazon::SQS::Model::SendMessageResult,v2.0.7,FAIL,dependency_install_failure_reproduced_all_bases,50
Amazon::SQS::Model::SendMessageResult,v2.0.7,FAIL,target_release_now_proven_unavailable,45
App::Asciio::Actions::Arrow,v1.9.02,FAIL,target_release_now_proven_unavailable,50
App::Asciio::Actions::Arrow,v1.9.02,UNAVAILABLE,historical_unavailable,45
App::BorgRestore::Settings,v3.4.5,FAIL,dependency_install_failure_reproduced_all_bases,25
App::BorgRestore::Settings,v3.4.5,FAIL,dependency_release_confirmed_unavailable,40
App::BorgRestore::Settings,v3.4.5,FAIL,target_release_now_proven_unavailable,30
App::CamelPKI::CertTemplate,0.07,FAIL,target_release_now_proven_unavailable,70
App::CamelPKI::CertTemplate,0.07,UNAVAILABLE,historical_unavailable,25
App::Chart::Gtk2::WatchlistDialog,275,FAIL,target_release_now_proven_unavailable,95
App::Chart::Series::Derived::MedianAverage,275,FAIL,configuration_pair_reproduced_all_bases,50
App::Chart::Series::Derived::MedianAverage,275,FAIL,missing_prerequisite_mechanism_reproduced_all_bases,25
App::Chart::Series::Derived::MedianAverage,275,FAIL,target_release_now_proven_unavailable,20
App::Chart::Series::Derived::VWMA,275,FAIL,configuration_pair_reproduced_all_bases,80
App::Chart::Series::Derived::VWMA,275,FAIL,target_release_now_proven_unavailable,15
App::FargateStack::Builder::Autoscaling,v1.0.50,FAIL,dependency_release_confirmed_unavailable,50
App::FargateStack::Builder::Autoscaling,v1.0.50,FAIL,target_release_now_proven_unavailable,45
App::HTTP_Proxy_IMP::Conn,0.958,FAIL,configuration_pair_reproduced_all_bases,25
App::HTTP_Proxy_IMP::Conn,0.958,FAIL,target_release_now_proven_unavailable,45
App::HTTP_Proxy_IMP::Conn,0.958,UNAVAILABLE,historical_unavailable,25
App::Netdisco::DB::Result::Virtual::UnDirEdgesAgg,2.101000,FAIL,dependency_install_failure_not_reproduced,25
App::Netdisco::DB::Result::Virtual::UnDirEdgesAgg,2.101000,FAIL,target_release_now_proven_unavailable,70
App::Netdisco::Web::Plugin::AdminTask::ACLManager,2.101000,FAIL,target_release_now_proven_unavailable,50
App::Netdisco::Web::Plugin::AdminTask::ACLManager,2.101000,UNAVAILABLE,historical_unavailable,45
App::PRT::Collector::FileHandle,0.22,FAIL,dependency_did_not_remain_sample_supported,20
App::PRT::Collector::FileHandle,0.22,FAIL,target_release_now_proven_unavailable,75
App::Perlbrew::Sys,1.02,FAIL,target_release_now_proven_unavailable,95
App::RecordStream::Aggregator::MapReduce::Subrefs,v4.0.25,FAIL,target_release_now_proven_unavailable,45
App::RecordStream::Aggregator::MapReduce::Subrefs,v4.0.25,UNAVAILABLE,historical_unavailable,50
App::TimeClock::Weekly::Report,0.13,FAIL,dependency_install_failure_reproduced_all_bases,25
App::TimeClock::Weekly::Report,0.13,FAIL,target_release_now_proven_unavailable,70
App::cpm::Distribution,v1.1.4,FAIL,dependency_install_failure_reproduced_all_bases,25
App::cpm::Distribution,v1.1.4,FAIL,target_release_now_proven_unavailable,70
Armadito::Agent::HTTP::Client::ArmaditoAV::Event,v0.10.1,FAIL,configuration_pair_reproduced_all_bases,20
Armadito::Agent::HTTP::Client::ArmaditoAV::Event,v0.10.1,FAIL,missing_prerequisite_mechanism_reproduced_all_bases,25
Armadito::Agent::HTTP::Client::ArmaditoAV::Event,v0.10.1,FAIL,target_release_now_proven_unavailable,50
Armadito::Agent::Scheduler::Cron,v0.10.1,FAIL,configuration_pair_reproduced_all_bases,25
Armadito::Agent::Scheduler::Cron,v0.10.1,FAIL,dependency_install_failure_reproduced_all_bases,20
Armadito::Agent::Scheduler::Cron,v0.10.1,FAIL,target_release_now_proven_unavailable,50
Articulate::Error::NotFound,0.005,FAIL,missing_prerequisite_mechanism_reproduced_all_bases,25
Articulate::Error::NotFound,0.005,FAIL,target_release_now_proven_unavailable,70
AsposeCellsCloud::Object::AutoShapesResponse,v26.3.1,FAIL,target_release_now_proven_unavailable,70
AsposeCellsCloud::Object::AutoShapesResponse,v26.3.1,UNAVAILABLE,historical_unavailable,25
AsposeCellsCloud::Request::GetWorksheetColumnsRequest,v26.3.1,FAIL,target_release_now_proven_unavailable,50
AsposeCellsCloud::Request::GetWorksheetColumnsRequest,v26.3.1,UNAVAILABLE,historical_unavailable,45
AsposeCellsCloud::Request::PostWorksheetListObjectConvertToRangeRequest,v26.3.1,FAIL,dependency_did_not_remain_sample_supported,10
AsposeCellsCloud::Request::PostWorksheetListObjectConvertToRangeRequest,v26.3.1,FAIL,target_release_now_proven_unavailable,40
AsposeCellsCloud::Request::PostWorksheetListObjectConvertToRangeRequest,v26.3.1,UNAVAILABLE,historical_unavailable,45
AsposeThreeDCloud::Object::GLTFSaveOption,v20.7.1,FAIL,target_release_now_proven_unavailable,70
AsposeThreeDCloud::Object::GLTFSaveOption,v20.7.1,UNAVAILABLE,historical_unavailable,25
AutoCode::Friendship,0.2,FAIL,target_release_now_proven_unavailable,5
Babble::Match,0.090010,FAIL,dependency_did_not_remain_sample_supported,10
Babble::Match,0.090010,FAIL,missing_prerequisite_mechanism_reproduced_all_bases,25
Babble::Match,0.090010,FAIL,target_release_now_proven_unavailable,60
Bing::Search::Result::Phonebook,1.121210,FAIL,target_release_now_proven_unavailable,50
Bing::Search::Result::Phonebook,1.121210,UNAVAILABLE,historical_unavailable,45
Bing::Search::Role::Response::Total,1.121210,FAIL,target_release_now_proven_unavailable,35
Bing::Search::Role::Response::Total,1.121210,UNAVAILABLE,historical_unavailable,60
Bing::Search::Role::Result::Longitude,1.121210,FAIL,target_release_now_proven_unavailable,68
Bing::Search::Role::Result::Longitude,1.121210,UNAVAILABLE,historical_unavailable,27
Bio::ConnectDots::ConnectorQuery::Term,v1.0.2,FAIL,target_release_now_proven_unavailable,20
Bio::ConnectDots::ConnectorQuery::Term,v1.0.2,UNAVAILABLE,historical_unavailable,75
Bio::DB::BigWig,1.07,FAIL,dependency_install_failure_reproduced_all_bases,15
Bio::DB::BigWig,1.07,FAIL,target_release_now_proven_unavailable,55
Bio::DB::BigWig,1.07,UNAVAILABLE,historical_unavailable,25
Bio::Das::TypeHandler,1.17,FAIL,configuration_pair_not_reproduced,10
Bio::Das::TypeHandler,1.17,FAIL,dependency_did_not_remain_sample_supported,5
Bio::Das::TypeHandler,1.17,FAIL,missing_prerequisite_mechanism_reproduced_all_bases,25
Bio::Das::TypeHandler,1.17,FAIL,target_release_now_proven_unavailable,55
Bio::Genex::SMP_DevelopmentStageUnits,v2.6.0,FAIL,target_release_now_proven_unavailable,5
Bio::Genex::Scanner,v2.6.0,FAIL,target_release_now_proven_unavailable,5
Build::PPK::Deptool::CPAN,0.08,FAIL,dependency_install_failure_not_reproduced,15
Build::PPK::Deptool::CPAN,0.08,FAIL,target_release_now_proven_unavailable,15
Build::PPK::Deptool::CPAN,0.08,UNAVAILABLE,historical_unavailable,15
Build::PPK::Deptool::Git,0.08,FAIL,dependency_install_failure_not_reproduced,15
Build::PPK::Deptool::Git,0.08,FAIL,target_release_now_proven_unavailable,15
Build::PPK::Deptool::Git,0.08,UNAVAILABLE,historical_unavailable,15
Business::cXML::Transmission,v0.6.12,FAIL,dependency_install_failure_not_reproduced,50
Business::cXML::Transmission,v0.6.12,FAIL,target_release_now_proven_unavailable,45
BusyBird::StatusStorage::Common,0.12,FAIL,target_release_now_proven_unavailable,45
CBOR::PP::Encode,0.05,FAIL,target_release_now_proven_unavailable,95
Carton::Error::CPANfileNotFound,v1.0.35,FAIL,target_release_now_proven_unavailable,95
Catalog::external,1.02,FAIL,target_release_now_proven_unavailable,5
CatalystX::Example::YUIUploader::View::JSON,0.02,FAIL,dependency_install_failure_reproduced_all_bases,25
CatalystX::Example::YUIUploader::View::JSON,0.02,FAIL,target_release_now_proven_unavailable,70
Catmandu::RKD::API::Name,0.04,FAIL,dependency_did_not_remain_sample_supported,5
Catmandu::RKD::API::Name,0.04,FAIL,target_release_now_proven_unavailable,45
Catmandu::RKD::API::Name,0.04,UNAVAILABLE,historical_unavailable,45
Cdk::Histogram,v4.9.3,FAIL,target_release_now_proven_unavailable,5
Cfn::Resource::AWS::ApiGateway::RestApi,0.14,FAIL,dependency_install_failure_reproduced_all_bases,25
Cfn::Resource::AWS::ApiGateway::RestApi,0.14,FAIL,target_release_now_proven_unavailable,70
Cfn::Resource::AWS::Pinpoint::SMSChannel,0.14,FAIL,dependency_install_failure_reproduced_all_bases,25
Cfn::Resource::AWS::Pinpoint::SMSChannel,0.14,FAIL,target_release_now_proven_unavailable,70
Cfn::Resource::AWS::QLDB::Ledger,0.14,FAIL,dependency_install_failure_reproduced_all_bases,25
Cfn::Resource::AWS::QLDB::Ledger,0.14,FAIL,target_release_now_proven_unavailable,70
Cfn::Resource::AWS::RoboMaker::SimulationApplication,0.14,FAIL,dependency_did_not_remain_sample_supported,10
Cfn::Resource::AWS::RoboMaker::SimulationApplication,0.14,FAIL,target_release_now_proven_unavailable,85
Cfn::Resource::Properties::AWS::IAM::OIDCProvider,0.14,FAIL,dependency_did_not_remain_sample_supported,15
Cfn::Resource::Properties::AWS::IAM::OIDCProvider,0.14,FAIL,dependency_install_failure_reproduced_all_bases,15
Cfn::Resource::Properties::AWS::IAM::OIDCProvider,0.14,FAIL,target_release_now_proven_unavailable,65
Cfn::Resource::Properties::AWS::IoT::MitigationAction,0.14,FAIL,dependency_install_failure_reproduced_all_bases,15
Cfn::Resource::Properties::AWS::IoT::MitigationAction,0.14,FAIL,target_release_now_proven_unavailable,80
Cfn::Resource::Properties::Object::AWS::ApiGatewayV2::ApiGatewayManagedOverrides::StageOverrides,0.14,FAIL,dependency_install_failure_reproduced_all_bases,15
Cfn::Resource::Properties::Object::AWS::ApiGatewayV2::ApiGatewayManagedOverrides::StageOverrides,0.14,FAIL,target_release_now_proven_unavailable,80
Cfn::Resource::Properties::Object::AWS::EC2::EC2Fleet::FleetLaunchTemplateOverridesRequest,0.14,FAIL,dependency_install_failure_reproduced_all_bases,25
Cfn::Resource::Properties::Object::AWS::EC2::EC2Fleet::FleetLaunchTemplateOverridesRequest,0.14,FAIL,target_release_now_proven_unavailable,70
Cfn::Resource::Properties::Object::AWS::Elasticsearch::Domain::LogPublishingOption,0.14,FAIL,dependency_did_not_remain_sample_supported,10
Cfn::Resource::Properties::Object::AWS::Elasticsearch::Domain::LogPublishingOption,0.14,FAIL,dependency_install_failure_reproduced_all_bases,40
Cfn::Resource::Properties::Object::AWS::Elasticsearch::Domain::LogPublishingOption,0.14,FAIL,target_release_now_proven_unavailable,45
Cfn::Resource::Properties::Object::AWS::IAM::User::Policy,0.14,FAIL,dependency_install_failure_reproduced_all_bases,15
Cfn::Resource::Properties::Object::AWS::IAM::User::Policy,0.14,FAIL,target_release_now_proven_unavailable,80
Cfn::Resource::Properties::Object::AWS::LookoutMetrics::AnomalyDetector::CsvFormatDescriptor,0.14,FAIL,dependency_install_failure_reproduced_all_bases,15
Cfn::Resource::Properties::Object::AWS::LookoutMetrics::AnomalyDetector::CsvFormatDescriptor,0.14,FAIL,target_release_now_proven_unavailable,80
Cfn::Resource::Properties::Object::AWS::MSK::Cluster::BrokerLogs,0.14,FAIL,dependency_did_not_remain_sample_supported,15
Cfn::Resource::Properties::Object::AWS::MSK::Cluster::BrokerLogs,0.14,FAIL,dependency_install_failure_reproduced_all_bases,25
Cfn::Resource::Properties::Object::AWS::MSK::Cluster::BrokerLogs,0.14,FAIL,target_release_now_proven_unavailable,55
Cfn::Resource::Properties::Object::AWS::MediaLive::Channel::MediaPackageOutputSettings,0.14,FAIL,dependency_install_failure_reproduced_all_bases,25
Cfn::Resource::Properties::Object::AWS::MediaLive::Channel::MediaPackageOutputSettings,0.14,FAIL,target_release_now_proven_unavailable,70
Cfn::Resource::Properties::Object::AWS::MediaPackage::PackagingConfiguration::CmafEncryption,0.14,FAIL,dependency_did_not_remain_sample_supported,10
Cfn::Resource::Properties::Object::AWS::MediaPackage::PackagingConfiguration::CmafEncryption,0.14,FAIL,target_release_now_proven_unavailable,85
Cfn::Resource::Properties::Object::AWS::NetworkFirewall::FirewallPolicy::ActionDefinition,0.14,FAIL,dependency_did_not_remain_sample_supported,10
Cfn::Resource::Properties::Object::AWS::NetworkFirewall::FirewallPolicy::ActionDefinition,0.14,FAIL,target_release_now_proven_unavailable,85
Cfn::Resource::Properties::Object::AWS::QuickSight::Dashboard::DashboardPublishOptions,0.14,FAIL,dependency_did_not_remain_sample_supported,5
Cfn::Resource::Properties::Object::AWS::QuickSight::Dashboard::DashboardPublishOptions,0.14,FAIL,dependency_install_failure_reproduced_all_bases,25
Cfn::Resource::Properties::Object::AWS::QuickSight::Dashboard::DashboardPublishOptions,0.14,FAIL,target_release_now_proven_unavailable,65
Cfn::Resource::Properties::Object::AWS::WAF::SqlInjectionMatchSet::SqlInjectionMatchTuple,0.14,FAIL,target_release_now_proven_unavailable,95
Child::Link::IPC,0.013,FAIL,target_release_now_proven_unavailable,5
Class::Property::RW::Lazy::CustomSet,1.002,FAIL,dependency_did_not_remain_sample_supported,5
Class::Property::RW::Lazy::CustomSet,1.002,FAIL,target_release_now_proven_unavailable,65
Class::Property::RW::Lazy::CustomSet,1.002,UNAVAILABLE,historical_unavailable,25
Collision::2D::Entity,0.07,FAIL,configuration_pair_reproduced_all_bases,25
Collision::2D::Entity,0.07,FAIL,target_release_now_proven_unavailable,70
Conclave::OTK::Backend::4store,0.01,FAIL,target_release_now_proven_unavailable,50
Conclave::OTK::Backend::4store,0.01,UNAVAILABLE,historical_unavailable,45
Config::GitLike::Cascaded,1.18,FAIL,dependency_install_failure_reproduced_all_bases,20
Config::GitLike::Cascaded,1.18,FAIL,target_release_now_proven_unavailable,75
Conjury::C::Darwin,1.004,FAIL,target_release_now_proven_unavailable,5
Connector::Proxy::Net::LDAP::DN,1.55,FAIL,dependency_install_failure_reproduced_all_bases,25
Connector::Proxy::Net::LDAP::DN,1.55,FAIL,target_release_now_proven_unavailable,70
Coteng::DBI,0.11,FAIL,missing_prerequisite_mechanism_reproduced_all_bases,25
Coteng::DBI,0.11,FAIL,target_release_now_proven_unavailable,70
Courier::Filter::Module::FakeDate,v0.200,FAIL,dependency_install_failure_reproduced_all_bases,15
Courier::Filter::Module::FakeDate,v0.200,FAIL,target_release_now_proven_unavailable,30
Crop::Install,v0.1.27,FAIL,target_release_now_proven_unavailable,95
Crypt::Keys::Util,0.06,FAIL,target_release_now_proven_unavailable,5
Crypt::PKCS11::Object,1.03,FAIL,target_release_now_proven_unavailable,15
DBIx::MoCo::Readonly,0.18,FAIL,target_release_now_proven_unavailable,50
DBIx::MoCo::Readonly,0.18,UNAVAILABLE,historical_unavailable,45
DBIx::ObjectMapper::Metadata::Table::Column::Base,0.3013,FAIL,configuration_pair_version_dependent,12
DBIx::ObjectMapper::Metadata::Table::Column::Base,0.3013,FAIL,target_release_now_proven_unavailable,58
DBIx::ObjectMapper::Metadata::Table::Column::Base,0.3013,UNAVAILABLE,historical_unavailable,25
DBIx::ObjectMapper::Metadata::Table::Column::Type::String,0.3013,FAIL,dependency_install_failure_not_reproduced,25
DBIx::ObjectMapper::Metadata::Table::Column::Type::String,0.3013,FAIL,missing_prerequisite_mechanism_reproduced_all_bases,20
DBIx::ObjectMapper::Metadata::Table::Column::Type::String,0.3013,FAIL,target_release_now_proven_unavailable,50
DBIx::OptimalQuery::sth,0.30,FAIL,target_release_now_proven_unavailable,5
DDC::PP::CQFHasFieldPrefix,0.50,FAIL,target_release_now_proven_unavailable,70
DDC::PP::CQFHasFieldPrefix,0.50,UNAVAILABLE,historical_unavailable,25
DJabberd::Authen::AllowedUsers,0.85,FAIL,target_release_now_proven_unavailable,70
DJabberd::Authen::AllowedUsers,0.85,UNAVAILABLE,historical_unavailable,25
DTL::Fast::Tag::If::Condition,2017.1,FAIL,configuration_pair_version_dependent,15
DTL::Fast::Tag::If::Condition,2017.1,FAIL,target_release_now_proven_unavailable,80
Dallycot::Library::Core::Math,0.151630,FAIL,dependency_install_failure_not_reproduced,20
Dallycot::Library::Core::Math,0.151630,FAIL,dependency_install_failure_reproduced_all_bases,20
Dallycot::Library::Core::Math,0.151630,FAIL,target_release_now_proven_unavailable,30
Dallycot::Library::Core::Math,0.151630,UNAVAILABLE,historical_unavailable,25
Data::Feed::Feed,0.00015,FAIL,dependency_did_not_remain_sample_supported,5
Data::Feed::Feed,0.00015,FAIL,dependency_install_failure_not_reproduced,25
Data::Feed::Feed,0.00015,FAIL,missing_prerequisite_mechanism_reproduced_all_bases,20
Data::Feed::Feed,0.00015,FAIL,target_release_now_proven_unavailable,45
Data::ICal::TimeZone::Object::Africa::Malabo,1.23,FAIL,target_release_now_proven_unavailable,70
Data::ICal::TimeZone::Object::Africa::Malabo,1.23,UNAVAILABLE,historical_unavailable,25
Data::Printer::Filter::Web,1.002001,FAIL,target_release_now_proven_unavailable,70
Data::Printer::Filter::Web,1.002001,UNAVAILABLE,historical_unavailable,25
Data::RandomPerson::Names::SpanishLast,0.60,FAIL,target_release_now_proven_unavailable,70
Decision::ACL::Constants,0.02,FAIL,target_release_now_proven_unavailable,5
Devel::Profit::Cmd,0.34,FAIL,dependency_install_failure_reproduced_all_bases,45
Devel::Profit::Cmd,0.34,FAIL,target_release_now_proven_unavailable,50
Devel::Trepan::CmdProcessor::Command::Info::Frame,v1.0.1,FAIL,dependency_install_failure_not_reproduced,20
Devel::Trepan::CmdProcessor::Command::Info::Frame,v1.0.1,FAIL,target_release_now_proven_unavailable,50
Device::ParallelPort::drv::dummy_bit,1.00,FAIL,target_release_now_proven_unavailable,5
Druid::Interval,0.004,FAIL,target_release_now_proven_unavailable,95
DynGig::CLI::Range,0.04,FAIL,target_release_now_proven_unavailable,15
Enbld::Target::Attribute::Prefix,0.7041,FAIL,dependency_install_failure_not_reproduced,25
Enbld::Target::Attribute::Prefix,0.7041,FAIL,target_release_now_proven_unavailable,70
Event::RPC::Loop,1.11,FAIL,configuration_pair_reproduced_all_bases,45
Event::RPC::Loop,1.11,FAIL,target_release_now_proven_unavailable,35
Event::RPC::Loop,1.11,UNAVAILABLE,historical_unavailable,15
FAST::Bio::Ontology::Relationship,1.06,FAIL,target_release_now_proven_unavailable,95
FAST::Bio::SeqFeature::Generic,1.06,FAIL,configuration_pair_reproduced_all_bases,25
FAST::Bio::SeqFeature::Generic,1.06,FAIL,target_release_now_proven_unavailable,70
FAST::Bio::SeqIO::chadoxml,1.06,FAIL,configuration_pair_reproduced_all_bases,25
FAST::Bio::SeqIO::chadoxml,1.06,FAIL,target_release_now_proven_unavailable,70
FAST::List::Generator,1.06,FAIL,target_release_now_proven_unavailable,95
Feed::Data::CNN::Base,0.04,FAIL,dependency_install_failure_reproduced_all_bases,15
Feed::Data::CNN::Base,0.04,FAIL,target_release_now_proven_unavailable,30
File::Kvpar,0.01,FAIL,target_release_now_proven_unavailable,5
File::VirusScan::Engine::Command::NAI::Uvscan,0.105,FAIL,target_release_now_proven_unavailable,35
File::VirusScan::Engine::Command::NAI::Uvscan,0.105,UNAVAILABLE,historical_unavailable,60
FindApp::Object::Behavior::Shortcuts,v0.0.7,FAIL,dependency_install_failure_not_reproduced,25
FindApp::Object::Behavior::Shortcuts,v0.0.7,FAIL,target_release_now_proven_unavailable,50
FindApp::Object::Behavior::Shortcuts,v0.0.7,UNAVAILABLE,historical_unavailable,20
Flail::Exec::Cmd::range,v0.2.5,FAIL,target_release_now_proven_unavailable,35
Flail::Exec::Cmd::range,v0.2.5,UNAVAILABLE,historical_unavailable,60
FusqlFS::Backend::MySQL::Variables,0.009,FAIL,target_release_now_proven_unavailable,5
Games::Axmud::Cmd::AddInitialPlugin,v2.0.002,FAIL,configuration_pair_reproduced_all_bases,25
Games::Axmud::Cmd::AddInitialPlugin,v2.0.002,FAIL,dependency_install_failure_reproduced_all_bases,20
Games::Axmud::Cmd::AddInitialPlugin,v2.0.002,FAIL,target_release_now_proven_unavailable,50
Games::Axmud::Cmd::ImportFiles,v2.0.002,FAIL,target_release_now_proven_unavailable,95
Games::Axmud::Cmd::QuickLabelDelete,v2.0.002,FAIL,dependency_install_failure_reproduced_all_bases,25
Games::Axmud::Cmd::QuickLabelDelete,v2.0.002,FAIL,target_release_now_proven_unavailable,70
Games::Axmud::EditWin::Zonemap,v2.0.002,FAIL,dependency_install_failure_reproduced_all_bases,25
Games::Axmud::EditWin::Zonemap,v2.0.002,FAIL,target_release_now_proven_unavailable,70
GetWeb::FormatAnnotated,1.11,FAIL,target_release_now_proven_unavailable,5
Getopt::Chain::Declare::Meta::Class,0.017,FAIL,target_release_now_proven_unavailable,95
Google::Ads::AdWords::v201309::Ad,v2.15.0,FAIL,dependency_install_failure_reproduced_all_bases,15
Google::Ads::AdWords::v201309::Ad,v2.15.0,FAIL,target_release_now_proven_unavailable,35
Google::Ads::AdWords::v201309::Ad,v2.15.0,UNAVAILABLE,historical_unavailable,45
Google::Ads::AdWords::v201309::BudgetOrderService::mutate,v2.15.0,FAIL,dependency_install_failure_reproduced_all_bases,15
Google::Ads::AdWords::v201309::BudgetOrderService::mutate,v2.15.0,FAIL,target_release_now_proven_unavailable,35
Google::Ads::AdWords::v201309::BudgetOrderService::mutate,v2.15.0,UNAVAILABLE,historical_unavailable,45
Google::Ads::AdWords::v201309::InternalApiError::Reason,v2.15.0,FAIL,dependency_install_failure_not_reproduced,25
Google::Ads::AdWords::v201309::InternalApiError::Reason,v2.15.0,FAIL,target_release_now_proven_unavailable,70
Google::Ads::AdWords::v201309::Money,v2.15.0,FAIL,target_release_now_proven_unavailable,70
Google::Ads::AdWords::v201309::Money,v2.15.0,UNAVAILABLE,historical_unavailable,25
Google::Ads::AdWords::v201309::TypeMaps::SharedCriterionService,v2.15.0,FAIL,configuration_pair_reproduced_all_bases,20
Google::Ads::AdWords::v201309::TypeMaps::SharedCriterionService,v2.15.0,FAIL,target_release_now_proven_unavailable,50
Google::Ads::AdWords::v201309::TypeMaps::SharedCriterionService,v2.15.0,UNAVAILABLE,historical_unavailable,25
Google::Ads::AdWords::v201402::CampaignService::mutateResponse,v2.15.0,FAIL,target_release_now_proven_unavailable,95
Google::Ads::AdWords::v201402::CustomerOrderLineError,v2.15.0,FAIL,target_release_now_proven_unavailable,70
Google::Ads::AdWords::v201402::CustomerOrderLineError,v2.15.0,UNAVAILABLE,historical_unavailable,25
Google::Ads::AdWords::v201402::ManualCPMAdGroupExperimentBidMultipliers,v2.15.0,FAIL,configuration_pair_reproduced_all_bases,25
Google::Ads::AdWords::v201402::ManualCPMAdGroupExperimentBidMultipliers,v2.15.0,FAIL,target_release_now_proven_unavailable,70
Google::Ads::AdWords::v201402::RequestError::Reason,v2.15.0,FAIL,target_release_now_proven_unavailable,50
Google::Ads::AdWords::v201402::RequestError::Reason,v2.15.0,UNAVAILABLE,historical_unavailable,45
Google::Ads::AdWords::v201809::AdwordsUserListService::queryResponse,v5.8.2,FAIL,configuration_pair_reproduced_all_bases,25
Google::Ads::AdWords::v201809::AdwordsUserListService::queryResponse,v5.8.2,FAIL,target_release_now_proven_unavailable,50
Google::Ads::AdWords::v201809::AdwordsUserListService::queryResponse,v5.8.2,UNAVAILABLE,historical_unavailable,20
Graphics::Primitive::Border,0.67,FAIL,target_release_now_proven_unavailable,70
Graphics::Primitive::Border,0.67,UNAVAILABLE,historical_unavailable,25
HPC::Runner::Command::execute_job::Utils::Log,v3.2.14,FAIL,dependency_install_failure_not_reproduced,25
HPC::Runner::Command::execute_job::Utils::Log,v3.2.14,FAIL,target_release_now_proven_unavailable,70
HTML::Merge::Ext,3.54,FAIL,missing_prerequisite_mechanism_reproduced_all_bases,15
HTML::Merge::Ext,3.54,FAIL,target_release_now_proven_unavailable,20
HTML::Merge::Ext,3.54,UNAVAILABLE,historical_unavailable,10
HTML::Valid::Tagset,0.09,FAIL,configuration_pair_version_dependent,3
HTML::Valid::Tagset,0.09,FAIL,target_release_now_proven_unavailable,12
HTTP::MobileAttribute::Plugin::Locator::EZweb::GPS,0.23,FAIL,configuration_pair_reproduced_all_bases,15
HTTP::MobileAttribute::Plugin::Locator::EZweb::GPS,0.23,FAIL,missing_prerequisite_mechanism_reproduced_all_bases,20
HTTP::MobileAttribute::Plugin::Locator::EZweb::GPS,0.23,FAIL,target_release_now_proven_unavailable,35
HTTP::MobileAttribute::Plugin::Locator::EZweb::GPS,0.23,UNAVAILABLE,historical_unavailable,25
HTTP::ProxyPAC::Result,0.31,FAIL,dependency_install_failure_reproduced_all_bases,25
HTTP::ProxyPAC::Result,0.31,FAIL,missing_prerequisite_mechanism_reproduced_all_bases,20
HTTP::ProxyPAC::Result,0.31,FAIL,target_release_now_proven_unavailable,35
HTTP::ProxyPAC::Result,0.31,UNAVAILABLE,historical_unavailable,15
HTTP::Session::State::Null,0.54,FAIL,target_release_now_proven_unavailable,70
HTTP::Session::State::Null,0.54,UNAVAILABLE,historical_unavailable,25
HTTP::Session::Store::CHI,0.54,FAIL,configuration_pair_version_dependent,12
HTTP::Session::Store::CHI,0.54,FAIL,dependency_install_failure_reproduced_all_bases,17
HTTP::Session::Store::CHI,0.54,FAIL,target_release_now_proven_unavailable,41
HTTP::Session::Store::CHI,0.54,UNAVAILABLE,historical_unavailable,25
Handel::Currency,1.00014,FAIL,missing_prerequisite_mechanism_reproduced_all_bases,25
Handel::Currency,1.00014,FAIL,target_release_now_proven_unavailable,50
Handel::Currency,1.00014,UNAVAILABLE,historical_unavailable,20
Handel::Iterator::List,1.00014,FAIL,target_release_now_proven_unavailable,70
Handel::Iterator::List,1.00014,UNAVAILABLE,historical_unavailable,25
Hash::Lazy::Tie,0.04,FAIL,dependency_install_failure_reproduced_all_bases,20
Hash::Lazy::Tie,0.04,FAIL,missing_prerequisite_mechanism_reproduced_all_bases,25
Hash::Lazy::Tie,0.04,FAIL,target_release_now_proven_unavailable,50
IO::All::STDIO,0.87,FAIL,target_release_now_proven_unavailable,10
IO::All::STDIO,0.87,UNAVAILABLE,historical_unavailable,5
IronMan::Schema::Result::Tag,0.03,FAIL,dependency_release_confirmed_unavailable,30
IronMan::Schema::Result::Tag,0.03,FAIL,target_release_now_proven_unavailable,15
JQ::Lite::Expression,2.49,FAIL,configuration_pair_reproduced_all_bases,25
JQ::Lite::Expression,2.49,FAIL,target_release_now_proven_unavailable,50
JQ::Lite::Expression,2.49,UNAVAILABLE,historical_unavailable,20
Jifty::DBI::Filter,0.78,FAIL,dependency_install_failure_reproduced_all_bases,20
Jifty::DBI::Filter,0.78,FAIL,missing_prerequisite_mechanism_reproduced_all_bases,25
Jifty::DBI::Filter,0.78,FAIL,target_release_now_proven_unavailable,50
Jifty::Web::Form::Field::Unrendered,1.50430,FAIL,dependency_install_failure_not_reproduced,25
Jifty::Web::Form::Field::Unrendered,1.50430,FAIL,target_release_now_proven_unavailable,50
Jifty::Web::Form::Field::Unrendered,1.50430,UNAVAILABLE,historical_unavailable,20
KinoSearch1::Search::Query,1.01,FAIL,dependency_install_failure_reproduced_all_bases,25
KinoSearch1::Search::Query,1.01,FAIL,target_release_now_proven_unavailable,70
KinoSearch::Search::Hits,0.315,FAIL,configuration_pair_version_dependent,15
KinoSearch::Search::Hits,0.315,FAIL,target_release_now_proven_unavailable,58
KinoSearch::Search::Hits,0.315,UNAVAILABLE,historical_unavailable,22
LINE::Bot::API::Response::Profile,1.21,FAIL,configuration_pair_version_dependent,27
LINE::Bot::API::Response::Profile,1.21,FAIL,target_release_now_proven_unavailable,68
LaTeXML::Post::MathML,v0.8.8,FAIL,target_release_now_proven_unavailable,95
Language::Axbasic::Statement::pokedechash,v2.0.002,FAIL,configuration_pair_reproduced_all_bases,50
Language::Axbasic::Statement::pokedechash,v2.0.002,FAIL,target_release_now_proven_unavailable,45
Language::Basic::Expression::Multiplicative,1.44,FAIL,target_release_now_proven_unavailable,5
Lingua::Thesaurus::RelType,0.13,FAIL,dependency_did_not_remain_sample_supported,5
Lingua::Thesaurus::RelType,0.13,FAIL,missing_prerequisite_mechanism_reproduced_all_bases,25
Lingua::Thesaurus::RelType,0.13,FAIL,target_release_now_proven_unavailable,65
Lingy::Common,v0.2.1,FAIL,target_release_now_proven_unavailable,30
Lingy::Common,v0.2.1,UNAVAILABLE,historical_unavailable,15
Linux::InitFS::Entry,0.2,FAIL,target_release_now_proven_unavailable,14
Linux::InitFS::Entry,0.2,UNAVAILABLE,historical_unavailable,1
Locale::RecodeData::IBM866,1.37,FAIL,dependency_install_failure_not_reproduced,5
Locale::RecodeData::IBM866,1.37,FAIL,target_release_now_proven_unavailable,10
Logfile::Cern,0.302,FAIL,target_release_now_proven_unavailable,5
Lustre::Info::OST,0.02,FAIL,target_release_now_proven_unavailable,5
MDOM::Token::Bare,0.008,FAIL,configuration_pair_reproduced_all_bases,17
MDOM::Token::Bare,0.008,FAIL,configuration_pair_version_dependent,12
MDOM::Token::Bare,0.008,FAIL,target_release_now_proven_unavailable,41
MDOM::Token::Bare,0.008,UNAVAILABLE,historical_unavailable,25
Math::GSL::Integration::gsl_integration_fixed_workspace,0.49,FAIL,dependency_install_failure_reproduced_all_bases,25
Math::GSL::Integration::gsl_integration_fixed_workspace,0.49,FAIL,target_release_now_proven_unavailable,70
Math::GSL::Sum,0.49,FAIL,target_release_now_proven_unavailable,70
Math::GSL::Sum,0.49,UNAVAILABLE,historical_unavailable,25
Metabrik::Network::Nmap,1.44,FAIL,dependency_install_failure_reproduced_all_bases,75
Metabrik::Network::Nmap,1.44,FAIL,target_release_now_proven_unavailable,20
Metabrik::System::Freebsd::Iostat,1.44,FAIL,dependency_install_failure_reproduced_all_bases,75
Metabrik::System::Freebsd::Iostat,1.44,FAIL,target_release_now_proven_unavailable,20
Metabrik::System::Kali::User,1.44,FAIL,dependency_install_failure_not_reproduced,25
Metabrik::System::Kali::User,1.44,FAIL,dependency_install_failure_reproduced_all_bases,50
Metabrik::System::Kali::User,1.44,FAIL,target_release_now_proven_unavailable,20
MetasploitExpress::Parser::Host,0.02,FAIL,target_release_now_proven_unavailable,95
Microsoft::AdCenter::V7::CampaignManagementService::CityTarget,8.11,FAIL,configuration_pair_reproduced_all_bases,25
Microsoft::AdCenter::V7::CampaignManagementService::CityTarget,8.11,FAIL,configuration_pair_version_dependent,15
Microsoft::AdCenter::V7::CampaignManagementService::CityTarget,8.11,FAIL,target_release_now_proven_unavailable,38
Microsoft::AdCenter::V7::CampaignManagementService::CityTarget,8.11,UNAVAILABLE,historical_unavailable,17
Microsoft::AdCenter::V7::CustomerBillingService,8.11,FAIL,dependency_install_failure_reproduced_all_bases,25
Microsoft::AdCenter::V7::CustomerBillingService,8.11,FAIL,target_release_now_proven_unavailable,50
Microsoft::AdCenter::V7::CustomerBillingService,8.11,UNAVAILABLE,historical_unavailable,20
Microsoft::AdCenter::V8::CampaignManagementService::AppealStatus,8.11,FAIL,target_release_now_proven_unavailable,70
Microsoft::AdCenter::V8::CampaignManagementService::SiteLink,8.11,FAIL,configuration_pair_reproduced_all_bases,25
Microsoft::AdCenter::V8::CampaignManagementService::SiteLink,8.11,FAIL,configuration_pair_version_dependent,15
Microsoft::AdCenter::V8::CampaignManagementService::SiteLink,8.11,FAIL,dependency_install_failure_reproduced_all_bases,17
Microsoft::AdCenter::V8::CampaignManagementService::SiteLink,8.11,FAIL,target_release_now_proven_unavailable,38
MonitisMonitorManager::Execution::SNMP,3.12,FAIL,target_release_now_proven_unavailable,5
Monitoring::GLPlugin::SNMP::MibsAndOids::PANPRODUCTSMIB,v3.0.2.6,FAIL,target_release_now_proven_unavailable,15
Moot::Waste,v2.0.14,FAIL,missing_prerequisite_mechanism_reproduced_all_bases,5
Moot::Waste,v2.0.14,FAIL,target_release_now_proven_unavailable,10
Moxy::Plugin::GPS::ThirdForce,0.70,FAIL,configuration_pair_reproduced_all_bases,25
Moxy::Plugin::GPS::ThirdForce,0.70,FAIL,target_release_now_proven_unavailable,70
Muck::FS::VFS,0.02,FAIL,target_release_now_proven_unavailable,35
Muck::FS::VFS,0.02,UNAVAILABLE,historical_unavailable,60
NGS::Tools::BAMSurgeon::Germline,v1.0.0,FAIL,dependency_install_failure_reproduced_all_bases,25
NGS::Tools::BAMSurgeon::Germline,v1.0.0,FAIL,target_release_now_proven_unavailable,50
NGS::Tools::BAMSurgeon::Germline,v1.0.0,UNAVAILABLE,historical_unavailable,20
Net::Amazon::Validate::ItemSearch::de::MP3Downloads,0.62,FAIL,configuration_pair_reproduced_all_bases,25
Net::Amazon::Validate::ItemSearch::de::MP3Downloads,0.62,FAIL,target_release_now_proven_unavailable,70
Net::Blossom::URI,0.001001,FAIL,target_release_now_proven_unavailable,95
Net::Curl::Promiser::FDFHStore,0.21,FAIL,target_release_now_proven_unavailable,45
Net::Evernote::EDAMNoteStore::NoteStore_expungeNotes_result,0.081,FAIL,target_release_now_proven_unavailable,70
Net::Evernote::EDAMNoteStore::NoteStore_expungeNotes_result,0.081,UNAVAILABLE,historical_unavailable,25
Net::Evernote::EDAMNoteStore::NotesMetadataResultSpec,0.081,FAIL,configuration_pair_reproduced_all_bases,25
Net::Evernote::EDAMNoteStore::NotesMetadataResultSpec,0.081,FAIL,configuration_pair_version_dependent,15
Net::Evernote::EDAMNoteStore::NotesMetadataResultSpec,0.081,FAIL,target_release_now_proven_unavailable,38
Net::Evernote::EDAMNoteStore::NotesMetadataResultSpec,0.081,UNAVAILABLE,historical_unavailable,17
Net::Evernote::Simple::EDAMNoteStore::NoteStore_getAccountSize_result,0.07,FAIL,target_release_now_proven_unavailable,95
Net::Frame::Layer::SLL,1.21,FAIL,dependency_install_failure_reproduced_all_bases,15
Net::Frame::Layer::SLL,1.21,FAIL,target_release_now_proven_unavailable,30
Net::Frame::Layer::SLL,1.21,UNAVAILABLE,historical_unavailable,50
Net::LDNS::RR::EID,0.75,FAIL,target_release_now_proven_unavailable,95
Net::SIP::Authorize,0.840,FAIL,target_release_now_proven_unavailable,5
Net::SinFP3::Worker::Thread,1.24,FAIL,configuration_pair_version_dependent,9
Net::SinFP3::Worker::Thread,1.24,FAIL,target_release_now_proven_unavailable,36
Net::SinFP3::Worker::Thread,1.24,UNAVAILABLE,historical_unavailable,50
Net::Z3950::APDU::USMARC,0.51,FAIL,target_release_now_proven_unavailable,10
Net::Z3950::APDU::USMARC,0.51,UNAVAILABLE,historical_unavailable,5
ObjStore::ServerInfo,1.59,FAIL,target_release_now_proven_unavailable,5
OpenGL::Sandbox::V1::FTGLFont::Inline,0.042,FAIL,configuration_pair_reproduced_all_bases,40
OpenGL::Sandbox::V1::FTGLFont::Inline,0.042,FAIL,target_release_now_proven_unavailable,15
OpenGL::Sandbox::V1::FTGLFont::Inline,0.042,UNAVAILABLE,historical_unavailable,40
OpenSearch::Parameters::Index::DeleteDangling,0.94,FAIL,configuration_pair_reproduced_all_bases,25
OpenSearch::Parameters::Index::DeleteDangling,0.94,FAIL,target_release_now_proven_unavailable,70
PDF::API3::Compat::API2::Resource::Font::CoreFont::georgia,3.001,FAIL,target_release_now_proven_unavailable,15
Panotools::Script::Line::Control,0.29,FAIL,dependency_install_failure_not_reproduced,20
Panotools::Script::Line::Control,0.29,FAIL,dependency_install_failure_reproduced_all_bases,25
Panotools::Script::Line::Control,0.29,FAIL,target_release_now_proven_unavailable,35
Panotools::Script::Line::Control,0.29,UNAVAILABLE,historical_unavailable,15
Parallel::Workers::Backend::Eval,v0.0.9,FAIL,dependency_did_not_remain_sample_supported,5
Parallel::Workers::Backend::Eval,v0.0.9,FAIL,target_release_now_proven_unavailable,90
Parse::AFP::ER,0.25,FAIL,configuration_pair_not_reproduced,15
Parse::AFP::ER,0.25,FAIL,configuration_pair_reproduced_all_bases,15
Parse::AFP::ER,0.25,FAIL,target_release_now_proven_unavailable,15
Pcore::Dist::CLI::Log,v0.139.0,FAIL,configuration_pair_version_dependent,12
Pcore::Dist::CLI::Log,v0.139.0,FAIL,target_release_now_proven_unavailable,58
Pcore::Dist::CLI::Log,v0.139.0,UNAVAILABLE,historical_unavailable,25
Perl::ToPerl6::Transformer::Variables::QuoteHashKeys,0.040,FAIL,target_release_now_proven_unavailable,95
Plack::Handler::UniEvent::HTTP,v1.1.3,FAIL,configuration_pair_reproduced_all_bases,65
Plack::Handler::UniEvent::HTTP,v1.1.3,FAIL,dependency_install_failure_not_reproduced,20
Plack::Handler::UniEvent::HTTP,v1.1.3,FAIL,target_release_now_proven_unavailable,5
Plack::Handler::UniEvent::HTTP,v1.1.3,UNAVAILABLE,historical_unavailable,5
Plack::I18N::Util,0.04,FAIL,configuration_pair_reproduced_all_bases,20
Plack::I18N::Util,0.04,FAIL,missing_prerequisite_mechanism_reproduced_all_bases,25
Plack::I18N::Util,0.04,FAIL,target_release_now_proven_unavailable,50
Plack::Middleware::BrowserDetector,0.04,FAIL,configuration_pair_reproduced_all_bases,20
Plack::Middleware::BrowserDetector,0.04,FAIL,target_release_now_proven_unavailable,50
Plack::Middleware::BrowserDetector,0.04,UNAVAILABLE,historical_unavailable,25
Prima::VB::ImageViewer,1.77,FAIL,target_release_now_proven_unavailable,5
Protocol::Modbus::Response,0.10,FAIL,target_release_now_proven_unavailable,5
Protocol::WebSocket::Fast::ConnectRequest,v1.2.9,FAIL,configuration_pair_reproduced_all_bases,5
Protocol::WebSocket::Fast::ConnectRequest,v1.2.9,FAIL,dependency_install_failure_not_reproduced,70
Protocol::WebSocket::Fast::ConnectRequest,v1.2.9,FAIL,target_release_now_proven_unavailable,5
Protocol::WebSocket::Fast::ConnectRequest,v1.2.9,UNAVAILABLE,historical_unavailable,15
Qless::ClientJobs,0.06,FAIL,configuration_pair_version_dependent,14
Qless::ClientJobs,0.06,FAIL,target_release_now_proven_unavailable,77
Qless::ClientJobs,0.06,UNAVAILABLE,historical_unavailable,4
R::Writer::Var,0.00001,FAIL,configuration_pair_version_dependent,12
R::Writer::Var,0.00001,FAIL,target_release_now_proven_unavailable,58
R::Writer::Var,0.00001,UNAVAILABLE,historical_unavailable,25
REbase,20101111,FAIL,dependency_install_failure_reproduced_all_bases,45
REbase,20101111,FAIL,target_release_now_proven_unavailable,35
REbase,20101111,UNAVAILABLE,historical_unavailable,15
RT::Authen::ExternalAuth::LDAP,0.27,FAIL,configuration_pair_reproduced_all_bases,15
RT::Authen::ExternalAuth::LDAP,0.27,FAIL,dependency_install_failure_reproduced_all_bases,20
RT::Authen::ExternalAuth::LDAP,0.27,FAIL,target_release_now_proven_unavailable,35
RT::Authen::ExternalAuth::LDAP,0.27,UNAVAILABLE,historical_unavailable,25
SPVM::Eg::Node::Element::HTML::TableCol,0.017,FAIL,configuration_pair_not_reproduced,5
SPVM::Eg::Node::Element::HTML::TableCol,0.017,FAIL,dependency_did_not_remain_sample_supported,5
SPVM::Eg::Node::Element::HTML::TableCol,0.017,FAIL,target_release_now_proven_unavailable,35
SVK::Accessor,v2.2.3,FAIL,configuration_pair_reproduced_all_bases,20
SVK::Accessor,v2.2.3,FAIL,dependency_install_failure_not_reproduced,25
SVK::Accessor,v2.2.3,FAIL,target_release_now_proven_unavailable,50
SVK::Command::Checkout::list,v2.2.3,FAIL,configuration_pair_reproduced_all_bases,17
SVK::Command::Checkout::list,v2.2.3,FAIL,configuration_pair_version_dependent,12
SVK::Command::Checkout::list,v2.2.3,FAIL,target_release_now_proven_unavailable,41
Schema::RDBMS::AUS::User,0.04,FAIL,dependency_install_failure_reproduced_all_bases,40
Schema::RDBMS::AUS::User,0.04,FAIL,target_release_now_proven_unavailable,30
Schema::RDBMS::AUS::User,0.04,UNAVAILABLE,historical_unavailable,25
Schema::RackTables::0_14_4::Result::Rack,1.01,FAIL,configuration_pair_version_dependent,15
Schema::RackTables::0_14_4::Result::Rack,1.01,FAIL,target_release_now_proven_unavailable,80
Schema::RackTables::0_16_2::Result::RackHistory,1.01,FAIL,configuration_pair_version_dependent,6
Schema::RackTables::0_16_2::Result::RackHistory,1.01,FAIL,dependency_release_confirmed_unavailable,50
Schema::RackTables::0_16_2::Result::RackHistory,1.01,FAIL,target_release_now_proven_unavailable,24
Schema::RackTables::0_16_2::Result::RackHistory,1.01,UNAVAILABLE,historical_unavailable,15
Schema::RackTables::0_17_8::Result::FileLink,1.01,FAIL,configuration_pair_version_dependent,12
Schema::RackTables::0_17_8::Result::FileLink,1.01,FAIL,target_release_now_proven_unavailable,58
Schema::RackTables::0_17_8::Result::FileLink,1.01,UNAVAILABLE,historical_unavailable,25
Schema::RackTables::0_19_14::Result::CachedPVM,1.01,FAIL,target_release_now_proven_unavailable,70
Schema::RackTables::0_19_14::Result::CachedPVM,1.01,UNAVAILABLE,historical_unavailable,25
Schema::RackTables::0_20_11::Result::Row,1.01,FAIL,dependency_release_confirmed_unavailable,50
Schema::RackTables::0_20_11::Result::Row,1.01,FAIL,target_release_now_proven_unavailable,30
Schema::RackTables::0_20_11::Result::Row,1.01,UNAVAILABLE,historical_unavailable,15
Schema::RackTables::0_20_11::Result::UserAccount,1.01,FAIL,configuration_pair_version_dependent,9
Schema::RackTables::0_20_11::Result::UserAccount,1.01,FAIL,dependency_release_confirmed_unavailable,50
Schema::RackTables::0_20_11::Result::UserAccount,1.01,FAIL,target_release_now_proven_unavailable,36
Schema::RackTables::0_20_7::Result::ObjectLog,1.01,FAIL,configuration_pair_version_dependent,9
Schema::RackTables::0_20_7::Result::ObjectLog,1.01,FAIL,dependency_release_confirmed_unavailable,50
Schema::RackTables::0_20_7::Result::ObjectLog,1.01,FAIL,target_release_now_proven_unavailable,36
Search::Xapian::MSet::Tied,v1.2.25.7,FAIL,target_release_now_proven_unavailable,10
Search::Xapian::MSet::Tied,v1.2.25.7,UNAVAILABLE,historical_unavailable,5
Serge::Sync::Plugin::VCS::gerrit,1.4,FAIL,configuration_pair_reproduced_all_bases,25
Serge::Sync::Plugin::VCS::gerrit,1.4,FAIL,target_release_now_proven_unavailable,70
SignalWire::REST::Namespaces::ImportedNumbers,v2.0.2,FAIL,configuration_pair_reproduced_all_bases,25
SignalWire::REST::Namespaces::ImportedNumbers,v2.0.2,FAIL,dependency_did_not_remain_sample_supported,5
SignalWire::REST::Namespaces::ImportedNumbers,v2.0.2,FAIL,target_release_now_proven_unavailable,65
SignalWire::REST::Namespaces::Video::Rooms,v2.0.2,FAIL,configuration_pair_version_dependent,15
SignalWire::REST::Namespaces::Video::Rooms,v2.0.2,FAIL,target_release_now_proven_unavailable,80
Sisimai::Reason::VirusDetected,v5.7.1,FAIL,configuration_pair_reproduced_all_bases,20
Sisimai::Reason::VirusDetected,v5.7.1,FAIL,missing_prerequisite_mechanism_reproduced_all_bases,25
Sisimai::Reason::VirusDetected,v5.7.1,FAIL,target_release_now_proven_unavailable,50
Smartcat::Client::CallbackApi,v0.0.3,FAIL,target_release_now_proven_unavailable,70
Smartcat::Client::CallbackApi,v0.0.3,UNAVAILABLE,historical_unavailable,25
Solstice::SearchField,1440,FAIL,target_release_now_proven_unavailable,5
Spike::Config::Parse,2.0004,FAIL,dependency_release_confirmed_unavailable,50
Spike::Config::Parse,2.0004,FAIL,target_release_now_proven_unavailable,30
Spike::Config::Parse,2.0004,UNAVAILABLE,historical_unavailable,15
Spreadsheet::Engine::Function::RADIANS,0.14,FAIL,target_release_now_proven_unavailable,5
Sprocket::Spread::Filter,0.07,FAIL,target_release_now_proven_unavailable,50
Sprocket::Spread::Filter,0.07,UNAVAILABLE,historical_unavailable,45
StreamedOutput,v0.1.19,FAIL,configuration_pair_reproduced_all_bases,20
StreamedOutput,v0.1.19,FAIL,dependency_install_failure_reproduced_all_bases,25
StreamedOutput,v0.1.19,FAIL,target_release_now_proven_unavailable,50
Swim::Markdown,v0.1.48,FAIL,target_release_now_proven_unavailable,70
Swim::Markdown,v0.1.48,UNAVAILABLE,historical_unavailable,25
TAEB::Action::Apply,0.03,FAIL,dependency_install_failure_reproduced_all_bases,25
TAEB::Action::Apply,0.03,FAIL,target_release_now_proven_unavailable,70
TAEB::Util::Pair,0.03,FAIL,configuration_pair_reproduced_all_bases,22
TAEB::Util::Pair,0.03,FAIL,configuration_pair_version_dependent,15
TAEB::Util::Pair,0.03,FAIL,dependency_install_failure_reproduced_all_bases,17
TAEB::Util::Pair,0.03,FAIL,target_release_now_proven_unavailable,39
TAEB::Util::Pair,0.03,UNAVAILABLE,historical_unavailable,2
TAEB::World::Inventory,0.03,FAIL,target_release_now_proven_unavailable,95
TM::AsTMa::Fact,1.56,FAIL,target_release_now_proven_unavailable,50
TM::AsTMa::Fact,1.56,UNAVAILABLE,historical_unavailable,45
Tak::Client::RemoteRouter,0.001004,FAIL,target_release_now_proven_unavailable,95
TaskPipe::SchemaTemplate_Project::Result::Error,0.09,FAIL,dependency_install_failure_reproduced_all_bases,25
TaskPipe::SchemaTemplate_Project::Result::Error,0.09,FAIL,target_release_now_proven_unavailable,70
Template::Alloy::Stream,1.022,FAIL,target_release_now_proven_unavailable,15
Test::AutoBuild::Stage::CleanBuildRoots,v1.2.4,FAIL,missing_prerequisite_mechanism_reproduced_all_bases,25
Test::AutoBuild::Stage::CleanBuildRoots,v1.2.4,FAIL,target_release_now_proven_unavailable,70
Test::Unit::Debug,0.30,FAIL,configuration_pair_reproduced_all_bases,25
Test::Unit::Debug,0.30,FAIL,target_release_now_proven_unavailable,50
Test::Unit::Debug,0.30,UNAVAILABLE,historical_unavailable,20
Text::Xslate::Util,v3.5.9,FAIL,configuration_pair_reproduced_all_bases,25
Text::Xslate::Util,v3.5.9,FAIL,target_release_now_proven_unavailable,35
Text::Xslate::Util,v3.5.9,UNAVAILABLE,historical_unavailable,35
TripleStore::Query::Sort,0.03,FAIL,target_release_now_proven_unavailable,5
UR::BoolExpr::Util::clonedThing,0.47,FAIL,target_release_now_proven_unavailable,70
UR::BoolExpr::Util::clonedThing,0.47,UNAVAILABLE,historical_unavailable,25
Uplug::EN,0.2,FAIL,dependency_install_failure_reproduced_all_bases,10
Uplug::EN,0.2,FAIL,target_release_now_proven_unavailable,5
WWW::Foursquare::Pageupdates,0.9906,FAIL,dependency_install_failure_reproduced_all_bases,25
WWW::Foursquare::Pageupdates,0.9906,FAIL,target_release_now_proven_unavailable,70
WWW::Kickstarter::Data::Reward,v1.16.0,FAIL,configuration_pair_mixed_failure_mechanism,9
WWW::Kickstarter::Data::Reward,v1.16.0,FAIL,configuration_pair_reproduced_all_bases,25
WWW::Kickstarter::Data::Reward,v1.16.0,FAIL,dependency_install_failure_reproduced_all_bases,6
WWW::Kickstarter::Data::Reward,v1.16.0,FAIL,target_release_now_proven_unavailable,35
WWW::Kickstarter::Data::Reward,v1.16.0,UNAVAILABLE,historical_unavailable,20
WWW::Scraper::Opcode::OPTION,3.05,FAIL,target_release_now_proven_unavailable,5
WWW::Shopify::Liquid::Operator::Plus,0.08,FAIL,target_release_now_proven_unavailable,50
WWW::Shopify::Liquid::Operator::Plus,0.08,UNAVAILABLE,historical_unavailable,45
WebService::Backlog::Project,0.08,FAIL,configuration_pair_reproduced_all_bases,20
WebService::Backlog::Project,0.08,FAIL,configuration_pair_version_dependent,12
WebService::Backlog::Project,0.08,FAIL,target_release_now_proven_unavailable,14
WebService::Backlog::Project,0.08,UNAVAILABLE,historical_unavailable,49
WebService::Fastly::Object::ApexRedirect,15.00,FAIL,missing_prerequisite_mechanism_reproduced_all_bases,25
WebService::Fastly::Object::ApexRedirect,15.00,FAIL,target_release_now_proven_unavailable,70
WebService::Fastly::Object::DictionaryInfoResponse,15.00,FAIL,missing_prerequisite_mechanism_reproduced_all_bases,25
WebService::Fastly::Object::DictionaryInfoResponse,15.00,FAIL,target_release_now_proven_unavailable,70
Webservice::InterMine::Query::Roles::ScriptAble,1.0405,FAIL,dependency_install_failure_reproduced_all_bases,20
Webservice::InterMine::Query::Roles::ScriptAble,1.0405,FAIL,target_release_now_proven_unavailable,50
Webservice::InterMine::Query::Roles::ScriptAble,1.0405,UNAVAILABLE,historical_unavailable,25
Webservice::Shipment::Carrier::UPS,0.06,FAIL,configuration_pair_reproduced_all_bases,25
Webservice::Shipment::Carrier::UPS,0.06,FAIL,dependency_did_not_remain_sample_supported,10
Webservice::Shipment::Carrier::UPS,0.06,FAIL,target_release_now_proven_unavailable,60
Win32::ActAcc::TreeTour,1.1,FAIL,configuration_pair_reproduced_all_bases,10
Win32::ActAcc::TreeTour,1.1,FAIL,dependency_release_confirmed_unavailable,30
Win32::ActAcc::TreeTour,1.1,FAIL,target_release_now_proven_unavailable,5
Win32::ActAcc::TreeTour,1.1,UNAVAILABLE,historical_unavailable,50
WordLists::Pronounce::Pronouncer,0.013,FAIL,target_release_now_proven_unavailable,50
WordLists::Pronounce::Pronouncer,0.013,UNAVAILABLE,historical_unavailable,45
Wx::Perl::EntryList::Iterator,0.01,FAIL,configuration_pair_reproduced_all_bases,50
Wx::Perl::EntryList::Iterator,0.01,FAIL,target_release_now_proven_unavailable,45
XML::Axk::Sandbox,0.001009,FAIL,dependency_install_failure_not_reproduced,25
XML::Axk::Sandbox,0.001009,FAIL,target_release_now_proven_unavailable,50
XML::Axk::Sandbox,0.001009,UNAVAILABLE,historical_unavailable,20
YAML::Perl::Token::BlockMappingStart,0.02,FAIL,target_release_now_proven_unavailable,30
YAML::Perl::Token::BlockMappingStart,0.02,UNAVAILABLE,historical_unavailable,15
Yahoo::Marketing::CompanyService,7.03,FAIL,dependency_install_failure_reproduced_all_bases,20
Yahoo::Marketing::CompanyService,7.03,FAIL,target_release_now_proven_unavailable,35
Yahoo::Marketing::CompanyService,7.03,UNAVAILABLE,historical_unavailable,15
ZCS::Admin::Types::ExportMailboxSpecifier,0.07,FAIL,dependency_did_not_remain_sample_supported,5
ZCS::Admin::Types::ExportMailboxSpecifier,0.07,FAIL,target_release_now_proven_unavailable,65
ZCS::Admin::Types::ExportMailboxSpecifier,0.07,UNAVAILABLE,historical_unavailable,25
Zed::Config::Env,0.03,FAIL,dependency_release_confirmed_unavailable,50
Zed::Config::Env,0.03,FAIL,missing_prerequisite_mechanism_reproduced_all_bases,15
Zed::Config::Env,0.03,FAIL,target_release_now_proven_unavailable,30
eBay::API::XML::DataType::CatalogProductType,0.25,FAIL,target_release_now_proven_unavailable,5
eBay::API::XML::DataType::SearchResultItemType,0.25,FAIL,target_release_now_proven_unavailable,5
eBay::API::XML::DataType::SellingStatusType,0.25,FAIL,target_release_now_proven_unavailable,5
html::productpage,6.112830,FAIL,dependency_install_failure_not_reproduced,25
html::productpage,6.112830,FAIL,target_release_now_proven_unavailable,35
html::productpage,6.112830,UNAVAILABLE,historical_unavailable,35
immutable::seq::tied,v0.0.4,FAIL,target_release_now_proven_unavailable,30
immutable::seq::tied,v0.0.4,UNAVAILABLE,historical_unavailable,15
pEFL::Ecore::Poller,0.7701,FAIL,target_release_now_proven_unavailable,15
pEFL::Evas::Event::MouseWheel,0.7701,FAIL,target_release_now_proven_unavailable,15
